"","model","mean_MSE","mean_R2","sd_MSE","sd_R2"
"1","base",2.32923517021259,0.562871557232406,0.338313917569553,0.044481791783591
"2","outlier",4.26786300585737,0.474134355974105,2.54227182155129,0.167639409340673
"3","spatialcv",4.00078620805749,0.190762029703852,1.31742062721803,0.229558238694072
