"","model","mean_MSE","mean_R2","sd_MSE","sd_R2"
"1","base",2.35277901156903,0.559543428956176,0.455426920702251,0.0653012093604592
"2","outlier",4.27490671395687,0.485878433011459,2.8008636233214,0.221307813420277
"3","spatialcv",3.03336336653976,0.383244116006516,0.786789373697842,0.169370898267224
